Recall,F1,Accuracy
0.7037037037037037,0.6495726495726496,0.7337662337662337
