Recall,F1,Accuracy
0.7962962962962963,0.6370370370370371,0.6818181818181818
